Sangster_ID,Name,CASRN,SMILES,logP_exp,Canonical_SMILES,InChIKey,Formula,InChIKey_first_block,valid_mol,strict_coumarin_core,aromatic_coumarin_core,four_hydroxycoumarin_like,strict_coumarin_any,name_contains_coumarin,coumarin_candidate_any,overlap_exact_inchikey_with_95,overlap_first_block_with_95
R5762251,,,NC1=C(C#N)[C@H](C2=CC=CS2)C2=C(O1)C1=CC=CC=C1OC2=O,2.34,N#CC1=C(N)Oc2c(c(=O)oc3ccccc23)[C@H]1c1cccs1,XQLJKVUBWFWJHH-CYBMUJFWSA-N,C17H10N2O3S,XQLJKVUBWFWJHH,True,False,True,False,True,False,True,False,False
R5762302,,,COC1=CC=C2C(C)=C(C)C(=O)OC2=C1C,3.45,COc1ccc2c(C)c(C)c(=O)oc2c1C,TVWLCJVDJFYZSD-UHFFFAOYSA-N,C13H14O3,TVWLCJVDJFYZSD,True,False,True,False,True,False,True,False,False
R5762308,,,CC(C)OC1=CC=C2C(C)=CC(=O)OC2=C1,3.33,Cc1cc(=O)oc2cc(OC(C)C)ccc12,COIUQMDQIBGHQH-UHFFFAOYSA-N,C13H14O3,COIUQMDQIBGHQH,True,False,True,False,True,False,True,False,False
R5762326,,,CCC1=CC(=O)OC2=C(C)C(OCC(=O)OC(C)(C)C)=CC=C12,4.52,CCc1cc(=O)oc2c(C)c(OCC(=O)OC(C)(C)C)ccc12,XCLOVAUIMQGTOK-UHFFFAOYSA-N,C18H22O5,XCLOVAUIMQGTOK,True,False,True,False,True,False,True,False,False
R5762456,,,CC[C@@H](NS(=O)(=O)C1=CC=C(C)C=C1)C(=O)OC1=CC=C2C(OC(=O)C3=C2CCCC3)=C1,3.08,CC[C@@H](NS(=O)(=O)c1ccc(C)cc1)C(=O)Oc1ccc2c3c(c(=O)oc2c1)CCCC3,NZTIPCHEAMRWCN-OAQYLSRUSA-N,C24H25NO6S,NZTIPCHEAMRWCN,True,False,True,False,True,False,True,False,False
R5762627,,,COC1=C(OC)C=C2[C@H](COC3=CC=C4C(C)=CC(=O)OC4=C3)N(CCC2=C1)C(=O)C1CCCCC1,5.07,COc1cc2c(cc1OC)[C@H](COc1ccc3c(C)cc(=O)oc3c1)N(C(=O)C1CCCCC1)CC2,HYXGIGVZSVPNGR-DEOSSOPVSA-N,C29H33NO6,HYXGIGVZSVPNGR,True,False,True,False,True,False,True,False,False
R5762640,,,CCN1C=C(CN(C)C(=O)C2=CC3=CC(Br)=CC=C3OC2=O)C(C)=N1,3.27,CCn1cc(CN(C)C(=O)c2cc3cc(Br)ccc3oc2=O)c(C)n1,LGNNLEKUCHDMHW-UHFFFAOYSA-N,C18H18BrN3O3,LGNNLEKUCHDMHW,True,False,True,False,True,False,True,False,False
R5762833,,,COC1=CC=C(C=C1)C1=NN=C(SCC2=CC(=O)OC3=C2C2=CC=CC=C2C=C3)N1N,4.24,COc1ccc(-c2nnc(SCc3cc(=O)oc4ccc5ccccc5c34)n2N)cc1,HGQITXLGESDIAZ-UHFFFAOYSA-N,C23H18N4O3S,HGQITXLGESDIAZ,True,False,True,False,True,False,True,False,False
R38319780,"2H-1-Benzopyran-2-one, 7,8-dihydroxy-",486-35-1,OC1=CC=C2C=CC(=O)OC2=C1O,0.71,O=c1ccc2ccc(O)c(O)c2o1,ATEFPOUAMCWAQS-UHFFFAOYSA-N,C9H6O4,ATEFPOUAMCWAQS,True,False,True,False,True,True,True,False,False
R38322885,"2H-1-benzopyran-2-one, 7-hydroxy-4-methyl-",90-33-5,CC1=CC(=O)OC2=C1C=CC(O)=C2,1.9,Cc1cc(=O)oc2cc(O)ccc12,HSHNITRMYYLLCV-UHFFFAOYSA-N,C10H8O3,HSHNITRMYYLLCV,True,False,True,False,True,True,True,False,False
R38322890,"2H-1-Benzopyran-2-one, 7-methoxy-",531-59-9,COC1=CC=C2C=CC(=O)OC2=C1,2.13,COc1ccc2ccc(=O)oc2c1,LIIALPBMIOVAHH-UHFFFAOYSA-N,C10H8O3,LIIALPBMIOVAHH,True,False,True,False,True,True,True,False,False
R38325466,"2H-Thieno[3,2-g]-1-benzopyran-2-one",144190-41-0,O=C1OC2=C(C=C1)C=C1C=CSC1=C2,2.27,O=c1ccc2cc3ccsc3cc2o1,MVYJHOJFBCLVIB-UHFFFAOYSA-N,C11H6O2S,MVYJHOJFBCLVIB,True,False,True,False,True,True,True,False,False
R38325469,"2H-Furo[2,3-H]-1-benzopyran-2-one",523-50-2,O=C1OC2=C3C=COC3=CC=C2C=C1,2.08,O=c1ccc2ccc3occc3c2o1,XDROKJSWHURZGO-UHFFFAOYSA-N,C11H6O3,XDROKJSWHURZGO,True,False,True,False,True,True,True,False,False
R38325586,"2H-1-Benzopyran-2-one, 3-acetyl-",3949-36-8,CC(=O)C1=CC2=CC=CC=C2OC1=O,1.5,CC(=O)c1cc2ccccc2oc1=O,CSPIFKKOBWYOEX-UHFFFAOYSA-N,C11H8O3,CSPIFKKOBWYOEX,True,False,True,False,True,True,True,False,False
R38325789,7-Methoxy-4-methylcoumarin,2555-28-4,COC1=CC2=C(C=C1)C(C)=CC(=O)O2,3.16,COc1ccc2c(C)cc(=O)oc2c1,UDFPKNSWSYBIHO-UHFFFAOYSA-N,C11H10O3,UDFPKNSWSYBIHO,True,False,True,False,True,True,True,False,False
R38325792,"2H-1-Benopyran-2-one, 6,7-dimethoxy-",120-08-1,COC1=CC2=C(C=CC(=O)O2)C=C1OC,2.45,COc1cc2ccc(=O)oc2cc1OC,GUAFOGOEJLSQBT-UHFFFAOYSA-N,C11H10O4,GUAFOGOEJLSQBT,True,False,True,False,True,False,True,False,False
R38328630,"2H-FURO[2,3-H]-1-BENZOPYRAN-2-ONE, 4-METHYL-",6457-92-7,CC1=CC(=O)OC2=C3C=COC3=CC=C12,2.34,Cc1cc(=O)oc2c1ccc1occc12,HCYYGOURSFQHRV-UHFFFAOYSA-N,C12H8O3,HCYYGOURSFQHRV,True,False,True,False,True,True,True,False,False
R38328632,"2H-Furo[2,3-h]-1-benzopyran-2-one, 5-methyl-",73459-03-7,CC1=C2C=CC(=O)OC2=C2C=COC2=C1,2.5,Cc1cc2occc2c2oc(=O)ccc12,ZJVOHJVSTORGLI-UHFFFAOYSA-N,C12H8O3,ZJVOHJVSTORGLI,True,False,True,False,True,True,True,False,False
R38328634,"2H-FURO[2,3-H]-1-BENZOPYRAN-2-ONE, 8-METHYL-",15798-77-3,CC1=CC2=C3OC(=O)C=CC3=CC=C2O1,2.49,Cc1cc2c(ccc3ccc(=O)oc32)o1,VVZYOVZUPIFCCR-UHFFFAOYSA-N,C12H8O3,VVZYOVZUPIFCCR,True,False,True,False,True,True,True,False,False
R38328636,"2H-FURO[2,3-H]-1-BENZOPYRAN-2-ONE, 9-METHYL-",78982-40-8,CC1=COC2=CC=C3C=CC(=O)OC3=C12,2.51,Cc1coc2ccc3ccc(=O)oc3c12,NHOICFAHZSXGJY-UHFFFAOYSA-N,C12H8O3,NHOICFAHZSXGJY,True,False,True,False,True,True,True,False,False
R38328637,"7H-furo[3,2-g][1]benzopyran-7-one, 4-methyl-",15912-89-7,CC1=C2C=COC2=CC2=C1C=CC(=O)O2,2.33,Cc1c2ccoc2cc2oc(=O)ccc12,CDPRWGCJWLAYAD-UHFFFAOYSA-N,C12H8O3,CDPRWGCJWLAYAD,True,False,True,False,True,False,True,False,False
R38328638,"7H-Furo[3,2-g][1]benzopyran-7-one, 9-methyl-",15912-88-6,CC1=C2OC=CC2=CC2=C1OC(=O)C=C2,2.48,Cc1c2occc2cc2ccc(=O)oc12,IVUMRIXSXVKOMB-UHFFFAOYSA-N,C12H8O3,IVUMRIXSXVKOMB,True,False,True,False,True,False,True,False,False
R38328640,"2H-Furo[2,3-h]-1-benzopyran-2-one, 6-methyl-",90370-14-2,CC1=C2OC=CC2=C2OC(=O)C=CC2=C1,2.43,Cc1cc2ccc(=O)oc2c2ccoc12,PFVGXOYZQOJGGR-UHFFFAOYSA-N,C12H8O3,PFVGXOYZQOJGGR,True,False,True,False,True,True,True,False,False
R38328642,"2H-Furo[2,3-h]-1-benzopyran-2-one, 3-methyl-",91666-89-6,CC1=CC2=CC=C3OC=CC3=C2OC1=O,2.49,Cc1cc2ccc3occc3c2oc1=O,LFOMIXFRGAIFQF-UHFFFAOYSA-N,C12H8O3,LFOMIXFRGAIFQF,True,False,True,False,True,True,True,False,False
R38328643,"7H-Furo[3,2-g][1]benzopyran-7-one, 3-methyl-",1137-75-3,CC1=COC2=CC3=C(C=CC(=O)O3)C=C12,2.47,Cc1coc2cc3oc(=O)ccc3cc12,NHIJIVPEMQAWBA-UHFFFAOYSA-N,C12H8O3,NHIJIVPEMQAWBA,True,False,True,False,True,False,True,False,False
R38328860,"2H-1-Benzopyran-2-one, 3-chloro-4-[3-hydroxy-1-(hydroxyimino(propyl]-",627878-57-3,OCCC(=NO)C1=C(Cl)C(=O)OC2=CC=CC=C12,0.22,O=c1oc2ccccc2c(C(CCO)=NO)c1Cl,VUEARWNFBJBNSK-UHFFFAOYSA-N,C12H10ClNO4,VUEARWNFBJBNSK,True,False,True,False,True,True,True,False,True
R38331371,"2H-Furo[2,3-h]-1-benzopyran-2-one, 4,8-dimethyl-",4063-41-6,CC1=CC2=C3OC(=O)C=C(C)C3=CC=C2O1,2.79,Cc1cc2c(ccc3c(C)cc(=O)oc32)o1,PFFGIQUVLUEURV-UHFFFAOYSA-N,C13H10O3,PFFGIQUVLUEURV,True,False,True,False,True,True,True,False,False
R38331373,"2H-Furo[2,3-h]-1-benzopyran-2-one, 5,8-dimethyl-",76605-65-7,CC1=CC2=C3OC(=O)C=CC3=C(C)C=C2O1,2.92,Cc1cc2c(cc(C)c3ccc(=O)oc32)o1,RINHXDAQQJHPOB-UHFFFAOYSA-N,C13H10O3,RINHXDAQQJHPOB,True,False,True,False,True,True,True,False,False
R38331375,"2H-Furo[2,3-h]-1-benzopyran-2-one, 5,9-dimethyl-",5762-92-5,CC1=COC2=CC(C)=C3C=CC(=O)OC3=C12,2.92,Cc1cc2occ(C)c2c2oc(=O)ccc12,SYNCKGPPLJHSSM-UHFFFAOYSA-N,C13H10O3,SYNCKGPPLJHSSM,True,False,True,False,True,True,True,False,False
R38331377,"2H-Furo[2,3-h]-1-benzopyran-2-one, 4,9-dimethyl-",22975-76-4,CC1=COC2=CC=C3C(C)=CC(=O)OC3=C12,2.81,Cc1cc(=O)oc2c1ccc1occ(C)c12,ZUOUYRRXKPHFSV-UHFFFAOYSA-N,C13H10O3,ZUOUYRRXKPHFSV,True,False,True,False,True,True,True,False,False
R38331379,"7H-Furo[3,2-g][1]benzopyran-7-one, 5,6-dimethyl-",7469-12-7,CC1=C(C)C2=C(OC1=O)C=C1OC=CC1=C2,2.77,Cc1c(C)c2cc3ccoc3cc2oc1=O,SWVLWPCPLVHMHY-UHFFFAOYSA-N,C13H10O3,SWVLWPCPLVHMHY,True,False,True,False,True,False,True,False,False
R38331380,"7H-Furo[3,2-g][1]benzopyran-7-one, 5,9-dimethyl-",15912-90-0,CC1=CC(=O)OC2=C1C=C1C=COC1=C2C,2.82,Cc1cc(=O)oc2c(C)c3occc3cc12,JLYPOISSVAJQID-UHFFFAOYSA-N,C13H10O3,JLYPOISSVAJQID,True,False,True,False,True,False,True,False,False
R38331381,"7H-Furo[3,2-g][1]benzopyran-7-one, 3,5-dimethyl-",15183-96-7,CC1=COC2=CC3=C(C=C12)C(C)=CC(=O)O3,2.76,Cc1coc2cc3oc(=O)cc(C)c3cc12,AGHQLFRJTDLUFW-UHFFFAOYSA-N,C13H10O3,AGHQLFRJTDLUFW,True,False,True,False,True,False,True,False,False
R38331382,"7H-Furo[3,2-g][1]benzopyran-7-one, 2,5-dimethyl-",4046-74-6,CC1=CC2=CC3=C(OC(=O)C=C3C)C=C2O1,2.82,Cc1cc2cc3c(C)cc(=O)oc3cc2o1,GJYYXSDOKGEWNX-UHFFFAOYSA-N,C13H10O3,GJYYXSDOKGEWNX,True,False,True,False,True,False,True,False,False
R38331383,"7H-Furo[3,2-g][1]benzopyran-7-one, 3,4-dimethyl-",362518-94-3,CC1=COC2=CC3=C(C=CC(=O)O3)C(C)=C12,2.79,Cc1coc2cc3oc(=O)ccc3c(C)c12,UVNSEVCCHXYRIC-UHFFFAOYSA-N,C13H10O3,UVNSEVCCHXYRIC,True,False,True,False,True,False,True,False,False
R38331384,"7H-Furo[3,2-g][1]benzopyran-7-one, 2,4-dimethyl-",362518-95-4,CC1=CC2=C(C)C3=C(OC(=O)C=C3)C=C2O1,2.84,Cc1cc2c(C)c3ccc(=O)oc3cc2o1,QBUUKVXBMWQDDR-UHFFFAOYSA-N,C13H10O3,QBUUKVXBMWQDDR,True,False,True,False,True,False,True,False,False
R38331385,"7H-Furo[3,2-g][1]benzopyran-7-one, 2,9-dimethyl-",3993-55-3,CC1=CC2=CC3=C(OC(=O)C=C3)C(C)=C2O1,2.93,Cc1cc2cc3ccc(=O)oc3c(C)c2o1,DIHWOVDWZWBMAI-UHFFFAOYSA-N,C13H10O3,DIHWOVDWZWBMAI,True,False,True,False,True,False,True,False,False
R38331386,"7H-Furo[3,2-g][1]benzopyran-7-one, 2,3-dimethyl-",4196-58-1,CC1=C(C)C2=CC3=C(OC(=O)C=C3)C=C2O1,2.93,Cc1oc2cc3oc(=O)ccc3cc2c1C,SXACOUILNSSCPR-UHFFFAOYSA-N,C13H10O3,SXACOUILNSSCPR,True,False,True,False,True,False,True,False,False
R38331388,"2H-Furo[2,3-h]-1-benzopyran-2-one, 8,9-dimethyl-",78982-41-9,CC1=C(C)C2=C3OC(=O)C=CC3=CC=C2O1,2.94,Cc1oc2ccc3ccc(=O)oc3c2c1C,JLAPWSNBHNHNRQ-UHFFFAOYSA-N,C13H10O3,JLAPWSNBHNHNRQ,True,False,True,False,True,True,True,False,False
R38331389,"2H-Furo[2,3-h]-1-benzopyran-2-one, 6,8-dimethyl-",90370-11-9,CC1=CC2=C3OC(=O)C=CC3=CC(C)=C2O1,2.85,Cc1cc2c(o1)c(C)cc1ccc(=O)oc12,VWISGRNVMLSLCE-UHFFFAOYSA-N,C13H10O3,VWISGRNVMLSLCE,True,False,True,False,True,True,True,False,False
R38331390,"2H-Furo[2,3-h]-1-benzopyran-2-one, 6,9-dimethyl-",90370-28-8,CC1=COC2=C(C)C=C3C=CC(=O)OC3=C12,2.88,Cc1cc2ccc(=O)oc2c2c(C)coc12,BYQGTFHDFUYLOW-UHFFFAOYSA-N,C13H10O3,BYQGTFHDFUYLOW,True,False,True,False,True,True,True,False,False
R38331392,"2H-Furo[2,3-h]-1-benzopyran-2-one, 5,6-dimethyl-",90370-16-4,CC1=C2OC=CC2=C2OC(=O)C=CC2=C1C,2.84,Cc1c(C)c2occc2c2oc(=O)ccc12,WQRSPHCXNJWEAX-UHFFFAOYSA-N,C13H10O3,WQRSPHCXNJWEAX,True,False,True,False,True,True,True,False,False
R38331393,"2H-Furo[2,3-h]-1-benzopyran-2-one, 4,6-dimethyl-",90370-15-3,CC1=C2OC=CC2=C2OC(=O)C=C(C)C2=C1,2.79,Cc1cc(=O)oc2c1cc(C)c1occc12,PHABYDNILJBPFQ-UHFFFAOYSA-N,C13H10O3,PHABYDNILJBPFQ,True,False,True,False,True,True,True,False,False
R38331394,"2H-Furo[2,3-h]-1-benzopyran-2-one, 3,8-dimethyl-",91666-92-1,CC1=CC2=C3OC(=O)C(C)=CC3=CC=C2O1,2.97,Cc1cc2c(ccc3cc(C)c(=O)oc32)o1,GVJWIPVKSNGMIZ-UHFFFAOYSA-N,C13H10O3,GVJWIPVKSNGMIZ,True,False,True,False,True,True,True,False,False
R38331395,"2H-Furo[2,3-h]-1-benzopyran-2-one, 3,9-dimethyl-",91666-91-0,CC1=COC2=CC=C3C=C(C)C(=O)OC3=C12,2.97,Cc1cc2ccc3occ(C)c3c2oc1=O,YVOFWNBKECJEJR-UHFFFAOYSA-N,C13H10O3,YVOFWNBKECJEJR,True,False,True,False,True,True,True,False,False
R38331396,"2H-Furo[2,3-h]-1-benzopyran-2-one, 3,4-dimethyl-",91666-90-9,CC1=C(C)C2=CC=C3OC=CC3=C2OC1=O,2.9,Cc1c(C)c2ccc3occc3c2oc1=O,WBERMSXOELNMLB-UHFFFAOYSA-N,C13H10O3,WBERMSXOELNMLB,True,False,True,False,True,True,True,False,False
R38331399,"7H-Furo[3,2-g][1]benzopyran-7-one, 3,9-dimethyl-",5762-96-9,CC1=COC2=C(C)C3=C(C=CC(=O)O3)C=C12,2.81,Cc1coc2c(C)c3oc(=O)ccc3cc12,RGHZPKMHRQIHSB-UHFFFAOYSA-N,C13H10O3,RGHZPKMHRQIHSB,True,False,True,False,True,False,True,False,False
R38331737,"2H-1-Benzopyran-3-carboxamide, N-(1-methylethyl)-2-oxo-",1846-82-8,CC(C)NC(=O)C1=CC2=CC=CC=C2OC1=O,2.13,CC(C)NC(=O)c1cc2ccccc2oc1=O,DYFRHCOMCPYXPQ-UHFFFAOYSA-N,C13H13NO3,DYFRHCOMCPYXPQ,True,False,True,False,True,False,True,False,False
R38333883,"2H-Thieno[3,2-g]-1-benzopyran-2-one, 4,6,7-trimethyl-",214536-98-8,CC1=C(C)C2=CC3=C(OC(=O)C=C3C)C=C2S1,3.48,Cc1sc2cc3oc(=O)cc(C)c3cc2c1C,XYPRBCNGODSLKJ-UHFFFAOYSA-N,C14H12O2S,XYPRBCNGODSLKJ,True,False,True,False,True,True,True,False,False
R38333884,"2H-Thieno[2,3-h]benzofuran-2-one, 4,8,9-trimethyl-",213967-52-3,CC1=C(C)C2=C3OC(=O)C=C(C)C3=CC=C2S1,3.65,Cc1sc2ccc3c(C)cc(=O)oc3c2c1C,RVAZWMGONPBJFK-UHFFFAOYSA-N,C14H12O2S,RVAZWMGONPBJFK,True,False,True,False,True,False,True,False,False
R38333893,"7H-Furo[3,2-g][1]benzopyran-7-one, 5,6,9-trimethyl-",15912-93-3,CC1=C2OC=CC2=CC2=C1OC(=O)C(C)=C2C,3.25,Cc1c(C)c2cc3ccoc3c(C)c2oc1=O,OBBNHWAIDHAZOZ-UHFFFAOYSA-N,C14H12O3,OBBNHWAIDHAZOZ,True,False,True,False,True,False,True,False,False
R38333894,"7H-Furo[3,2-g][1]benzopyran-7-one, 3,5,9-trimethyl-",15294-25-4,CC1=COC2=C(C)C3=C(C=C12)C(C)=CC(=O)O3,3.25,Cc1coc2c(C)c3oc(=O)cc(C)c3cc12,JQJZXIAXWYFOJQ-UHFFFAOYSA-N,C14H12O3,JQJZXIAXWYFOJQ,True,False,True,False,True,False,True,False,False
R38333895,"7H-Furo[3,2-g][1]benzopyran-7-one, 2,3,5-trimethyl-",13008-11-2,CC1=C(C)C2=CC3=C(OC(=O)C=C3C)C=C2O1,3.22,Cc1oc2cc3oc(=O)cc(C)c3cc2c1C,KKDGKMBVFICGHW-UHFFFAOYSA-N,C14H12O3,KKDGKMBVFICGHW,True,False,True,False,True,False,True,False,False
R38333896,"7H-Furo[3,2-g][1]benzopyran-7-one, 2,3,4-trimethyl-",362518-96-5,CC1=C(C)C2=C(C)C3=C(OC(=O)C=C3)C=C2O1,3.27,Cc1oc2cc3oc(=O)ccc3c(C)c2c1C,JLAXMAYZMOLLHI-UHFFFAOYSA-N,C14H12O3,JLAXMAYZMOLLHI,True,False,True,False,True,False,True,False,False
R38333897,"5-Benzofuranacrylic acid, 6-hydroxy-3,4,7-trimethyl-, delta-lactone",2273-88-3,CC1=COC2=C(C)C3=C(C=CC(=O)O3)C(C)=C12,3.35,Cc1c2oc(=O)ccc2c(C)c2c(C)coc12,LDCKHPCOLYHPCO-UHFFFAOYSA-N,C14H12O3,LDCKHPCOLYHPCO,True,False,True,False,True,False,True,False,False
R38333898,"2H-Furo[2,3-h]-1-benzopyran-2-one, 6,8,9-trimethyl-",112308-10-8,CC1=C(C)C2=C3OC(=O)C=CC3=CC(C)=C2O1,3.34,Cc1oc2c(C)cc3ccc(=O)oc3c2c1C,QDAPMZLOJQVWSW-UHFFFAOYSA-N,C14H12O3,QDAPMZLOJQVWSW,True,False,True,False,True,True,True,False,False
R38333899,"2H-Furo[2,3-h]-1-benzopyran-2-one, 4,5,8-trimethyl-",,CC1=CC2=C3OC(=O)C=C(C)C3=C(C)C=C2O1,3.36,Cc1cc2c(cc(C)c3c(C)cc(=O)oc32)o1,AKIMXGRHNFPHST-UHFFFAOYSA-N,C14H12O3,AKIMXGRHNFPHST,True,False,True,False,True,True,True,False,False
R38333900,"2H-Furo[2,3-h]-1-benzopyran-2-one, 5,6,8-trimethyl-",90370-13-1,CC1=CC2=C(O1)C(C)=C(C)C1=C2OC(=O)C=C1,3.26,Cc1cc2c(o1)c(C)c(C)c1ccc(=O)oc12,SQECVKHKIHDURX-UHFFFAOYSA-N,C14H12O3,SQECVKHKIHDURX,True,False,True,False,True,True,True,False,False
R38333901,"2H-Furo[2,3-h]-1-benzopyran-2-one, 4,6,8-trimethyl-",90370-12-0,CC1=CC2=C(O1)C(C)=CC1=C2OC(=O)C=C1C,3.15,Cc1cc2c(o1)c(C)cc1c(C)cc(=O)oc12,QZOAPTQNJLZENV-UHFFFAOYSA-N,C14H12O3,QZOAPTQNJLZENV,True,False,True,False,True,True,True,False,False
R38333902,"2H-Furo[2,3-h]-1-benzopyran-2-one, 3,4,8-trimethyl-",15798-79-5,CC1=CC2=C(O1)C=CC1=C2OC(=O)C(C)=C1C,3.27,Cc1cc2c(ccc3c(C)c(C)c(=O)oc32)o1,BQDWBWGFNVYGCP-UHFFFAOYSA-N,C14H12O3,BQDWBWGFNVYGCP,True,False,True,False,True,True,True,False,False
R38333903,"2H-Furo[2,3-h]-1-benzopyran-2-one, 3,4,9-trimethyl-",91666-93-2,CC1=COC2=CC=C3C(C)=C(C)C(=O)OC3=C12,3.25,Cc1c(C)c2ccc3occ(C)c3c2oc1=O,VUJLCSIVBLQJDL-UHFFFAOYSA-N,C14H12O3,VUJLCSIVBLQJDL,True,False,True,False,True,True,True,False,False
R38333904,"2H-Furo[2,3-h]-1-benzopyran-2-one, 3,4,6-trimethyl-",362518-98-7,CC1=C2OC=CC2=C2OC(=O)C(C)=C(C)C2=C1,3.23,Cc1c(C)c2cc(C)c3occc3c2oc1=O,YOLKZURXZVDPOZ-UHFFFAOYSA-N,C14H12O3,YOLKZURXZVDPOZ,True,False,True,False,True,True,True,False,False
R38333906,"2H-Furo[2,3-h]-1-benzopyran-2-one, 4,8,9-trimethyl-",10337-83-4,CC1=C(C)C2=C3OC(=O)C=C(C)C3=CC=C2O1,3.28,Cc1oc2ccc3c(C)cc(=O)oc3c2c1C,WSZHMTCJRBHJMN-UHFFFAOYSA-N,C14H12O3,WSZHMTCJRBHJMN,True,False,True,False,True,True,True,False,False
R38333908,"2H-Furo[2,3-h]-1-benzopyran-2-one, 4,6,9-trimethyl-",90370-29-9,CC1=COC2=C(C)C=C3C(C)=CC(=O)OC3=C12,3.23,Cc1cc(=O)oc2c1cc(C)c1occ(C)c12,ZARUKNQGJBWWBA-UHFFFAOYSA-N,C14H12O3,ZARUKNQGJBWWBA,True,False,True,False,True,True,True,False,False
R38333909,"7H-Furo[2,3-f][1]benzopyran-7-one, 3,4,9-trimethyl-",76591-80-5,CC1=COC2=C1C(C)=CC1=C2C(C)=CC(=O)O1,3.28,Cc1coc2c1c(C)cc1oc(=O)cc(C)c12,YTECQPJHHAHABZ-UHFFFAOYSA-N,C14H12O3,YTECQPJHHAHABZ,True,False,True,False,True,False,True,False,False
R38333910,"7H-Furo[2,3-f][1]benzopyran-7-one, 2,4,9-trimethyl-",33158-05-3,CC1=CC2=C(C)C=C3OC(=O)C=C(C)C3=C2O1,3.25,Cc1cc2c(C)cc3oc(=O)cc(C)c3c2o1,IZLPACMKANNNGR-UHFFFAOYSA-N,C14H12O3,IZLPACMKANNNGR,True,False,True,False,True,False,True,False,False
R38334283,"2H-1-Benzopyran-2-one, 7-[(3-methyl-2-buten-1-yl)oxy]-",10387-50-5,CC(C)=CCOC1=CC2=C(C=CC(=O)O2)C=C1,3.91,CC(C)=CCOc1ccc2ccc(=O)oc2c1,SMHJTSOVVRGDEO-UHFFFAOYSA-N,C14H14O3,SMHJTSOVVRGDEO,True,False,True,False,True,True,True,False,False
R38334300,"2H-1-Benzopyran-2-one, 7-(3-chloro-2-hydroxypropoxy)-4,8-dimethyl-",402618-20-6,CC1=CC(=O)OC2=C(C)C(OCC(O)CCl)=CC=C12,0.53,Cc1cc(=O)oc2c(C)c(OCC(O)CCl)ccc12,KFOQQUJPXOXNQN-UHFFFAOYSA-N,C14H15ClO4,KFOQQUJPXOXNQN,True,False,True,False,True,True,True,False,False
R38334440,"Phosphorothioic acid, O-(3-chloro-4-methyl-2-oxo-2H-1-benzopyran-7-yl) O,O-diethyl ester",56-72-4,CCOP(=S)(OCC)OC1=CC2=C(C=C1)C(C)=C(Cl)C(=O)O2,4.01,CCOP(=S)(OCC)Oc1ccc2c(C)c(Cl)c(=O)oc2c1,BXNANOICGRISHX-UHFFFAOYSA-N,C14H16ClO5PS,BXNANOICGRISHX,True,False,True,False,True,False,True,False,False
R38334509,"2H-1-Benzopyran-2-one, 4,8-dimethyl-7-(2,3-dihydroxypropoxy)-",402618-19-3,CC1=CC(=O)OC2=CC(C)=C(OCC(O)CO)C=C12,0.36,Cc1cc2oc(=O)cc(C)c2cc1OCC(O)CO,QASYNOWVXFHISD-UHFFFAOYSA-N,C14H16O5,QASYNOWVXFHISD,True,False,True,False,True,True,True,False,False
R38335703,"6H-Benzofuro[3,2-c]benzopyran-6-one, 3,9-dihydroxy-",479-13-0,OC1=CC=C2C(OC3=C2c(=O)OC2=CC(O)=CC=C32)=C1,2.69,O=c1oc2cc(O)ccc2c2oc3cc(O)ccc3c12,ZZIALNLLNHEQPJ-UHFFFAOYSA-N,C15H8O5,ZZIALNLLNHEQPJ,True,False,True,False,True,False,True,False,False
R38336449,"2H-Thieno[3,2-h]-1-benzopyran-2-one, 4,6,8,9-tetramethyl-",213967-53-4,CC1=C(C)C2=C3OC(=O)C=C(C)C3=CC(C)=C2S1,4.09,Cc1sc2c(C)cc3c(C)cc(=O)oc3c2c1C,DECMEEUZTVLAAE-UHFFFAOYSA-N,C15H14O2S,DECMEEUZTVLAAE,True,False,True,False,True,True,True,False,False
R38336458,"7H-Furo[3,2-g][1]benzopyran-7-one, 3,5,6,9-tetramethyl-",17231-03-7,CC1=COC2=C(C)C3=C(C=C12)C(C)=C(C)C(=O)O3,3.62,Cc1c(C)c2cc3c(C)coc3c(C)c2oc1=O,HTWWGBVBMFKAMA-UHFFFAOYSA-N,C15H14O3,HTWWGBVBMFKAMA,True,False,True,False,True,False,True,False,False
R38336462,"7H-Furo[3,2-g][1]benzopyran-7-one, 9-methoxy-2,3,6-trimethyl-",199442-21-2,COC1=C2OC(C)=C(C)C2=CC2=C1OC(=O)C(C)=C2,3.28,COc1c2oc(=O)c(C)cc2cc2c(C)c(C)oc12,LPLBMYQEPIYKRT-UHFFFAOYSA-N,C15H14O4,LPLBMYQEPIYKRT,True,False,True,False,True,False,True,False,False
R38336778,"2H-1-Benzopyran-2-one, 8-[(3,3-dimethyl-2-oxiranyl)methyl]-7-methoxy-",489-53-2,COC1=C(CC2OC2(C)C)C2=C(C=CC(=O)O2)C=C1,3.03,COc1ccc2ccc(=O)oc2c1CC1OC1(C)C,LSZONYLDFHGRDP-UHFFFAOYSA-N,C15H16O4,LSZONYLDFHGRDP,True,False,True,False,True,True,True,False,False
R38338155,"2H-1-Benzopyran-4-carboxaldehyde, 2-oxo-, 4-(phenylhydrazone)",41594-50-7,O=C1OC2=CC=CC=C2C(C=NNC2=CC=CC=C2)=C1,3.63,O=c1cc(C=NNc2ccccc2)c2ccccc2o1,VFVWDBBGIOSODM-UHFFFAOYSA-N,C16H12N2O2,VFVWDBBGIOSODM,True,False,True,False,True,False,True,False,True
R38338796,"β-D-Glucopyranosiduronic acid, 2-oxo-2H-1-benzopyran-7-yl, methyl ester",,COC(=O)C1OC(OC2=CC3=C(C=CC(=O)O3)C=C2)C(O)C(O)C1O,-1.08,COC(=O)C1OC(Oc2ccc3ccc(=O)oc3c2)C(O)C(O)C1O,NLCKRAQRRCQKMC-UHFFFAOYSA-N,C16H16O9,NLCKRAQRRCQKMC,True,False,True,False,True,False,True,False,False
R38338797,"β-D-Glucopyranosiduronic acid, 4-methyl-2-oxo-2H-1-benzopyran-7-yl-",6160-80-1,CC1=CC(=O)OC2=C1C=CC(O[C@@H]1O[C@@H]([C@@H](O)[C@H](O)[C@H]1O)C(O)=O)=C2,-0.39,Cc1cc(=O)oc2cc(O[C@@H]3O[C@H](C(=O)O)[C@@H](O)[C@H](O)[C@H]3O)ccc12,ARQXEQLMMNGFDU-JHZZJYKESA-N,C16H16O9,ARQXEQLMMNGFDU,True,False,True,False,True,False,True,False,False
R38339064,"2H-1-Benzopyran-4-propanamide, α-(acetylamino)-6,7-dimethoxy-2-oxo-",235436-95-0,COC1=C(OC)C=C2C(CC(NC(C)=O)C(N)=O)=CC(=O)OC2=C1,-0.13,COc1cc2oc(=O)cc(CC(NC(C)=O)C(N)=O)c2cc1OC,ZRJPZZCTEXEESB-UHFFFAOYSA-N,C16H18N2O6,ZRJPZZCTEXEESB,True,False,True,False,True,False,True,False,False
R38339104,"2H-1-Benzopyran-2-one, 6-(β-D-glucopyranosyloxy)-4-methyl-",152538-38-0,CC1=CC(=O)OC2=C1C=C(OC1OC(CO)C(O)C(O)C1O)C=C2,-0.66,Cc1cc(=O)oc2ccc(OC3OC(CO)C(O)C(O)C3O)cc12,CIGDOCXLYWEOSA-UHFFFAOYSA-N,C16H18O8,CIGDOCXLYWEOSA,True,False,True,False,True,True,True,False,False
R38340601,"7H-Furo[3,2-g]benzopyran-7-one, 4-methoxy-9-[(3-methyl-2-buten-1-yl)oxy]-",2543-94-4,COC1=C2C=Cc(=O)OC2=C(OCC=C(C)C)C2=C1C=CO2,3.86,COc1c2ccoc2c(OCC=C(C)C)c2oc(=O)ccc12,BMLZFLQMBMYVHG-UHFFFAOYSA-N,C17H16O5,BMLZFLQMBMYVHG,True,False,True,False,True,False,True,False,False
R38342130,"2H-1-Benzopyran-2-one, 6-chloro-[3-(4-pyridinyl)-7H-1,2,4-triazolo[3,4-b][1,3,4]thiadiazin-6-yl]-",,ClC1=CC=C2OC(=O)C(=CC2=C1)C1=NN2C(SC1)=NN=C2C1=CC=NC=C1,1.18,O=c1oc2ccc(Cl)cc2cc1C1=Nn2c(nnc2-c2ccncc2)SC1,MWUUGLZIWDHJQV-UHFFFAOYSA-N,C18H10ClN5O2S,MWUUGLZIWDHJQV,True,False,True,False,True,True,True,False,False
R38343966,"2H-1-Benzopyran-2-one, 6-chloro-3-[3-(3-bromophenyl)-7H-1,2,4-triazolo[3,4-b][1,3,4]thiadiazin-6-yl]-",,ClC1=CC=C2OC(=O)C(=CC2=C1)C1=NN2C(SC1)=NN=C2C1=CC(Br)=CC=C1,1.53,O=c1oc2ccc(Cl)cc2cc1C1=Nn2c(nnc2-c2cccc(Br)c2)SC1,KVEWBJNNCHKCFO-UHFFFAOYSA-N,C19H10BrClN4O2S,KVEWBJNNCHKCFO,True,False,True,False,True,True,True,False,False
R38343967,"2H-1-Benzopyran-2-one, 6-chloro-[3-(4-bromophenyl)-7H-1,3,4-triazolo[3,4-b][1,3,4]thiadiazin-6-yl]-",,ClC1=CC=C2OC(=O)C(=CC2=C1)C1=NN2C(SC1)=NN=C2C1=CC=C(Br)C=C1,1.51,O=c1oc2ccc(Cl)cc2cc1C1=Nn2c(nnc2-c2ccc(Br)cc2)SC1,TTZJFHZVTRVBAG-UHFFFAOYSA-N,C19H10BrClN4O2S,TTZJFHZVTRVBAG,True,False,True,False,True,True,True,False,False
R38343969,"2H-1-Benzopyran-2-one, 6-chloro-3-[3-(2-chlorophenyl)-7H-1,2,4-triazolo[3,4-b][1,3,4]thiadiazin-6-yl]-",,ClC1=CC=C2OC(=O)C(=CC2=C1)C1=NN2C(SC1)=NN=C2C1=CC=CC=C1Cl,1.53,O=c1oc2ccc(Cl)cc2cc1C1=Nn2c(nnc2-c2ccccc2Cl)SC1,RMZGSUWUYHMBRS-UHFFFAOYSA-N,C19H10Cl2N4O2S,RMZGSUWUYHMBRS,True,False,True,False,True,True,True,False,False
R38343970,"2H-1-Benzopyran-2-one, 6-chloro-3-[3-(4-chlorophenyl)-7H-1,2,4-triazolo[3,4-b][1,3,4]thiadiazin-6-yl]-",,ClC1=CC=C(C=C1)C1=NN=C2SCC(=NN12)C1=CC2=CC(Cl)=CC=C2OC1=O,1.49,O=c1oc2ccc(Cl)cc2cc1C1=Nn2c(nnc2-c2ccc(Cl)cc2)SC1,NTTLKHNYGSQYDW-UHFFFAOYSA-N,C19H10Cl2N4O2S,NTTLKHNYGSQYDW,True,False,True,False,True,True,True,False,False
R38343974,"2H-1,4-Benzodiazepin-2-one, 6-chloro-3-(3-phenyl-7H-1,2,4-triazolo[3,4-b][1,3,4]thiadiazin-6-yl)-",,ClC1=CC2=C(OC(=O)C(=C2)C2=NN3C(SC2)=NN=C3C2=CC=CC=C2)C=C1,1.27,O=c1oc2ccc(Cl)cc2cc1C1=Nn2c(nnc2-c2ccccc2)SC1,YLLKQYWDSDSSRU-UHFFFAOYSA-N,C19H11ClN4O2S,YLLKQYWDSDSSRU,True,False,True,False,True,False,True,False,False
R38343975,"2H-1-Benzopyran-2-one, 6-chloro-3-[3-(2-hydroxyphenyl)-7H-1,2,4-triazolo[3,4-b][1,3,4]thiadiazin-6-yl]-",,OC1=CC=CC=C1C1=NN=C2SCC(=NN12)C1=CC2=CC(Cl)=CC=C2OC1=O,0.36,O=c1oc2ccc(Cl)cc2cc1C1=Nn2c(nnc2-c2ccccc2O)SC1,AIGNWEBTXMVSQX-UHFFFAOYSA-N,C19H11ClN4O3S,AIGNWEBTXMVSQX,True,False,True,False,True,True,True,False,False
R38343998,"2H-1-Benzopyran-2-one, 3,3'-methylenebis(4-hydroxy-",66-76-2,OC1=C(CC2=C(O)C3=CC=CC=C3OC2=O)C(=O)OC2=CC=CC=C12,1.83,O=c1oc2ccccc2c(O)c1Cc1c(O)c2ccccc2oc1=O,DOBMPNYZJYQDGZ-UHFFFAOYSA-N,C19H12O6,DOBMPNYZJYQDGZ,True,False,True,False,True,True,True,False,False
R38344170,"2H-1-Benzopyran-2-one, 4-hydroxy-3-(1,2,3,4-tetrahydro-1-naphthalenyl)-",5836-29-3,OC1=C(C2CCCC3=CC=CC=C23)C(=O)OC2=CC=CC=C12,3.46,O=c1oc2ccccc2c(O)c1C1CCCc2ccccc21,ULSLJYXHZDTLQK-UHFFFAOYSA-N,C19H16O3,ULSLJYXHZDTLQK,True,False,True,False,True,True,True,False,False
R38345453,"2H-1-Benzopyran-2-one, 6-chloro-3-[3-[2,4-dichlorophenoxy(methyl)]-7H-1,2,4-triazolo[3,4-b][1,3,4]thiadiazin-6-yl]-",,ClC1=CC=C(OCC2=NN=C3SCC(=NN23)C2=CC3=CC(Cl)=CC=C3OC2=O)C(Cl)=C1,1.4,O=c1oc2ccc(Cl)cc2cc1C1=Nn2c(COc3ccc(Cl)cc3Cl)nnc2SC1,DDLRYSXENUNSBK-UHFFFAOYSA-N,C20H11Cl3N4O3S,DDLRYSXENUNSBK,True,False,True,False,True,True,True,False,False
R38345491,"2H-1-Benzopyran-2-one, 6-chloro-3-[3-[4-chlorophenoxy(methyl)]-7H-1,2,4-triazolo[3,4-b][1,3,4]thiadiazin-6-yl]-",,ClC1=CC=C(OCC2=NN=C3SCC(=NN23)C2=CC3=CC(Cl)=CC=C3OC2=O)C=C1,1.33,O=c1oc2ccc(Cl)cc2cc1C1=Nn2c(COc3ccc(Cl)cc3)nnc2SC1,OJDJGTAICJBJNI-UHFFFAOYSA-N,C20H12Cl2N4O3S,OJDJGTAICJBJNI,True,False,True,False,True,True,True,False,False
R38345529,"2H-1-Benzopyran-2-one, 3,3'-ethylidenebis[4-hydroxy-",1821-16-5,CC(C1=C(O)C2=CC=CC=C2OC1=O)C1=C(O)C2=CC=CC=C2OC1=O,0.43,CC(c1c(O)c2ccccc2oc1=O)c1c(O)c2ccccc2oc1=O,CPDOMNNHJSTWKL-UHFFFAOYSA-N,C20H14O6,CPDOMNNHJSTWKL,True,False,True,False,True,True,True,False,False
R38346953,"2H-1-Benzopyran-2-one, 3,3'-propylidenebis[4-hydroxy-",1821-17-6,CCC(C1=C(O)C2=CC=CC=C2OC1=O)C1=C(O)C2=CC=CC=C2OC1=O,2.02,CCC(c1c(O)c2ccccc2oc1=O)c1c(O)c2ccccc2oc1=O,OGEBNMPQRNZRJK-UHFFFAOYSA-N,C21H16O6,OGEBNMPQRNZRJK,True,False,True,False,True,True,True,False,False
R38347321,"2-Butenoic acid, 2-methyl-, (9R,10R)-10-(acetyloxy)-9,10-dihydro-8,8-dimethyl-2-oxo-2H,8H-benzo[1,2-b:3,4-b']dipyran-9-yl ester, (2Z)-",14017-71-1,CC=C(C)C(=O)OC1C(OC(C)=O)C2=C(OC1(C)C)C=CC1=C2OC(=O)C=C1,3.75,CC=C(C)C(=O)OC1C(OC(C)=O)c2c(ccc3ccc(=O)oc23)OC1(C)C,XGPBRZDOJDLKOT-UHFFFAOYSA-N,C21H22O7,XGPBRZDOJDLKOT,True,False,True,False,True,False,True,False,False
R38348417,"2H-1-Benzopyran-2-one, 3,3'-butylidenebis[4-hydroxy-",1821-18-7,CCCC(C1=C(O)C2=CC=CC=C2OC1=O)C1=C(O)C2=CC=CC=C2OC1=O,2.31,CCCC(c1c(O)c2ccccc2oc1=O)c1c(O)c2ccccc2oc1=O,WDMKQGDXHVGITQ-UHFFFAOYSA-N,C22H18O6,WDMKQGDXHVGITQ,True,False,True,False,True,True,True,False,False
R38349491,"2H-1-Benzopyran-2-one, 4,8-dimethyl-7-[2-oxo-2-[3-(4-methylphenyl)-2,4,5-trioxo-1-imidazolidinyl]ethoxy]-",402618-15-9,CC1=CC=C(C=C1)N1C(=O)N(C(=O)COC2=CC=C3C(C)=CC(=O)OC3=C2C)C(=O)C1=O,0.84,Cc1ccc(N2C(=O)C(=O)N(C(=O)COc3ccc4c(C)cc(=O)oc4c3C)C2=O)cc1,AQEKLENQBDMICL-UHFFFAOYSA-N,C23H18N2O7,AQEKLENQBDMICL,True,False,True,False,True,True,True,False,False
R38349578,"2H-1-Benzopyran-2-one, 3,3'-pentylidenebis[4-hydroxy-",53457-92-4,CCCCC(C1=C(O)C2=CC=CC=C2OC1=O)C1=C(O)C2=CC=CC=C2OC1=O,2.69,CCCCC(c1c(O)c2ccccc2oc1=O)c1c(O)c2ccccc2oc1=O,AYSWHCWHSFNFHB-UHFFFAOYSA-N,C23H20O6,AYSWHCWHSFNFHB,True,False,True,False,True,True,True,False,False
R38350394,"2H-1-Benzopyran-2-one, 4,8-dimethyl-7-[2-oxo-2-[3-(2-methylphenyl)-2,4,5-trioxo-1-imidazolidinyl]ethoxy]-",,CC1=CC=CC=C1N1C(=O)N(C(=O)CCOC2=CC=C3C(C)=CC(=O)OC3=C2C)C(=O)C1=O,0.98,Cc1ccccc1N1C(=O)C(=O)N(C(=O)CCOc2ccc3c(C)cc(=O)oc3c2C)C1=O,GBAZUCQLOKFVDM-UHFFFAOYSA-N,C24H20N2O7,GBAZUCQLOKFVDM,True,False,True,False,True,True,True,False,False
R38350598,"2-Butenoic acid, 2-methyl-, 1,1'-[(9R,10R)-9,10-dihydro-8,8-dimethyl-2-oxo-2H,8H-benzo[1,2-b:3,4-b']dipyran-9,10-diyl] ester, (2Z, 2Z')-; anomalin",4970-26-7,C\C=C(/C)C(=O)OC1[C@@H](OC(=O)C(\C)=C\C)C(C)(C)OC2=C1C1=C(C=CC(=O)O1)C=C2,4.41,C/C=C(\C)C(=O)OC1c2c(ccc3ccc(=O)oc23)OC(C)(C)[C@@H]1OC(=O)/C(C)=C/C,PNTWXEIQXBRCPS-PKUPAAOKSA-N,C24H26O7,PNTWXEIQXBRCPS,True,False,True,False,True,False,True,False,False
R38351029,"2H-1-Benzopyran-2-one, α,α'-(phenylmethylene)bis[4-hydroxy-",1821-19-8,OC1=C(C(C2=CC=CC=C2)C2=C(O)C3=CC=CC=C3OC2=O)C(=O)OC2=CC=CC=C12,1.95,O=c1oc2ccccc2c(O)c1C(c1ccccc1)c1c(O)c2ccccc2oc1=O,GGWIGGMSOWGWLR-UHFFFAOYSA-N,C25H16O6,GGWIGGMSOWGWLR,True,False,True,False,True,True,True,False,False
R38351465,isolaserpitin,16836-36-5,C\C=C(\C)C(=O)O[C@H]1[C@@H](O)C2=C(OC1(C)C)C=CC1=C2OC(=O)C=C1,3.56,C/C=C(/C)C(=O)O[C@H]1[C@@H](O)c2c(ccc3ccc(=O)oc23)OC1(C)C,KJWFOHVSTFGWGZ-ODZVBOMLSA-N,C19H20O6,KJWFOHVSTFGWGZ,True,False,True,False,True,False,True,False,False
R38351528,"2H-1-Benzopyran-2-one, 3,3'-[2-methoxyphenyl(methylene)]bis-",,COC1=CC=CC=C1C(C1=CC2=CC=CC=C2OC1=O)C1=CC2=CC=CC=C2OC1=O,2.5,COc1ccccc1C(c1cc2ccccc2oc1=O)c1cc2ccccc2oc1=O,APZGEQBVWPCYAG-UHFFFAOYSA-N,C26H18O5,APZGEQBVWPCYAG,True,False,True,False,True,True,True,False,False
R38353267,"Benzo[h][1]benzopyrano[5,4,3-cde][1]benzopyran-5,12-dione, 10-[[6-deoxy-2-O-(6-deoxy-3-O-methyl-α-D-galactopyranosyl)-β-D-galactopyranosyl]oxy]-6-hydroxy-1-methyl-",6377-18-0,CO[C@H]1[C@@H](O)[C@@H](C)O[C@H](O[C@@H]2[C@@H](O)[C@@H](O)[C@@H](C)O[C@H]2OC2=CC=CC3=C2C2=C4C(C(=O)OC5=C4C(=C(C)C=C5)C(=O)O2)=C3O)[C@@H]1O,1.8,CO[C@H]1[C@@H](O)[C@@H](C)O[C@H](O[C@H]2[C@H](Oc3cccc4c(O)c5c(=O)oc6ccc(C)c7c(=O)oc(c34)c5c67)O[C@H](C)[C@H](O)[C@@H]2O)[C@@H]1O,PONPPNYZKHNPKZ-RYBWXQSLSA-N,C32H32O14,PONPPNYZKHNPKZ,True,False,True,False,True,False,True,False,False
R38353381,"2H-1-Benzopyran-2-one, 4-hydroxy-3-[1,2,3,4-tetrahydro-3-[4-[[4-(trifluoromethyl)phenyl]methoxy]phenyl]-1-naphthalenyl]-",90035-08-8,OC1=C(C2CC(CC3=CC=CC=C23)C2=CC=C(OCC3=CC=C(C=C3)C(F)(F)F)C=C2)C(=O)OC2=CC=CC=C12,4.7,O=c1oc2ccccc2c(O)c1C1CC(c2ccc(OCc3ccc(C(F)(F)F)cc3)cc2)Cc2ccccc21,KKBGNYHHEIAGOH-UHFFFAOYSA-N,C33H25F3O4,KKBGNYHHEIAGOH,True,False,True,False,True,True,True,False,False
R59814140,CHEMBL1451129,,CC1=CC(=O)OC2=CC3=C(CCCN3)C=C12,2.7,Cc1cc(=O)oc2cc3c(cc12)CCCN3,PZTQNUMZYIQRGY-UHFFFAOYSA-N,C13H13NO2,PZTQNUMZYIQRGY,True,False,True,False,True,False,True,False,False
R59814390,CHEMBL379350,,CCN(CC)C1=CC=C2C=C(C(C)=O)C(=O)OC2=C1,2.0,CCN(CC)c1ccc2cc(C(C)=O)c(=O)oc2c1,JQYDECSZBZCKFQ-UHFFFAOYSA-N,C15H17NO3,JQYDECSZBZCKFQ,True,False,True,False,True,False,True,False,False
R59814734,CHEMBL1255978,,CC1=C(C(=O)OC2=CC(O)=CC=C12)C1=CC=C(O)C=C1,2.8,Cc1c(-c2ccc(O)cc2)c(=O)oc2cc(O)ccc12,NWVKVBBNCRPFPD-UHFFFAOYSA-N,C16H12O4,NWVKVBBNCRPFPD,True,False,True,False,True,False,True,False,False
R59815073,CHEMBL1442864,,CC1=CC(=O)OC2=C3CCCNC3=C(C)C=C12,2.9,Cc1cc2c(C)cc(=O)oc2c2c1NCCC2,HNBLXGUKCHVXSO-UHFFFAOYSA-N,C14H15NO2,HNBLXGUKCHVXSO,True,False,True,False,True,False,True,False,False
R59815251,CHEMBL467028,,OC1=CC=C2OC(=O)C(=CC2=C1)C1=CC=CC=C1,3.12,O=c1oc2ccc(O)cc2cc1-c1ccccc1,CYKDIFJDBMRWNV-UHFFFAOYSA-N,C15H10O3,CYKDIFJDBMRWNV,True,False,True,False,True,False,True,False,False
R59815363,CHEMBL486894,,OC1=CC=C(C=C1)C1=CC2=CC(O)=CC=C2OC1=O,2.9,O=c1oc2ccc(O)cc2cc1-c1ccc(O)cc1,XUTYAUVYVISBAC-UHFFFAOYSA-N,C15H10O4,XUTYAUVYVISBAC,True,False,True,False,True,False,True,False,False
R59815418,CHEMBL155103,,CCOC(=O)C1=CC2=CC=C(O)C=C2OC1=O,1.2,CCOC(=O)c1cc2ccc(O)cc2oc1=O,IETDBZQIWIJQJG-UHFFFAOYSA-N,C12H10O5,IETDBZQIWIJQJG,True,False,True,False,True,False,True,False,False
R59815473,CHEMBL510349,,O=C1OC2=CC=CC=C2C=C1C1=CC=CC=C1,3.22,O=c1oc2ccccc2cc1-c1ccccc1,HWDSXZLYIKESML-UHFFFAOYSA-N,C15H10O2,HWDSXZLYIKESML,True,False,True,False,True,False,True,False,False
R59815583,CHEMBL191528,,CCOC1=CC=C2C=CC(=O)OC2=C1,2.2,CCOc1ccc2ccc(=O)oc2c1,LIFAQMGORKPVDH-UHFFFAOYSA-N,C11H10O3,LIFAQMGORKPVDH,True,False,True,False,True,False,True,False,False
R59815636,CHEMBL1777848,,OC1=CC=C(C=C1)C1=CC2=CC=CC(O)=C2OC1=O,2.8,O=c1oc2c(O)cccc2cc1-c1ccc(O)cc1,HXOYIYQATHNBKZ-UHFFFAOYSA-N,C15H10O4,HXOYIYQATHNBKZ,True,False,True,False,True,False,True,False,False
R59815657,CHEMBL1915315,,OC1=CC=C(C=C1)C1=CC2=CC=C(O)C=C2OC1=O,2.9,O=c1oc2cc(O)ccc2cc1-c1ccc(O)cc1,FLVROUNAFWXBQG-UHFFFAOYSA-N,C15H10O4,FLVROUNAFWXBQG,True,False,True,False,True,False,True,False,False
R59815992,CHEMBL71271,,OC1=CC=C(C=C1)C1=CC2=CC=CC=C2OC1=O,3.0,O=c1oc2ccccc2cc1-c1ccc(O)cc1,ROGXIFKSIOPJFE-UHFFFAOYSA-N,C15H10O3,ROGXIFKSIOPJFE,True,False,True,False,True,False,True,False,False
R59816276,CHEMBL1258188,,COC1=CC=C(C=C1)C1=C(C)C2=CC=C(OC)C=C2OC1=O,3.31,COc1ccc(-c2c(C)c3ccc(OC)cc3oc2=O)cc1,QKTZSGVZWBCCAP-UHFFFAOYSA-N,C18H16O4,QKTZSGVZWBCCAP,True,False,True,False,True,False,True,False,False
R59822998,,,CC(=O)C1=CC2=CC=C(O)C=C2OC1=O,1.21,CC(=O)c1cc2ccc(O)cc2oc1=O,BRQZHMHHZLRXOO-UHFFFAOYSA-N,C11H8O4,BRQZHMHHZLRXOO,True,False,True,False,True,False,True,False,False
R59824892,"Benzamide, N-[7-[[6-deoxy-5-C-methyl-4-O-methyl-α-L-lyxohexopyranosyl]oxy]-8-chloro-4-hydroxy-2-oxo-2H-1-benzopyran-3-yl]-4-hydroxy-3-(3-methyl-2-butenyl)-",75057-95-3,COC1C(O)C(O)C(O)C(OC2=CC=C3C(O)=C(NC(=O)C4=CC=C(O)C(CC=C(C)C)=C4)C(=O)OC3=C2Cl)OC1(C)C,1.85,COC1C(O)C(O)C(O)C(Oc2ccc3c(O)c(NC(=O)c4ccc(O)c(CC=C(C)C)c4)c(=O)oc3c2Cl)OC1(C)C,UNHOCNUKAMXNIW-UHFFFAOYSA-N,C30H34ClNO11,UNHOCNUKAMXNIW,True,False,True,False,True,False,True,False,False
R59824908,"Benzamide, N-[7-[(6-deoxy-5-C-methyl-4-O-methyl-α-L-lyxohexopyranosyl)oxy]-4-hydroxy-8-methyl-2-oxo-2H-1-benzopyran-3-yl]-4-hydroxy-3-(3-methyl-2-butenyl)-",75057-97-5,CO[C@@H]1[C@@H](O)[C@@H](O)[C@H](OC2=C(C)C3=C(C=C2)C(O)=C(NC(=O)C2=CC(CC=C(C)C)=C(O)C=C2)C(=O)O3)OC1(C)C,1.39,CO[C@@H]1[C@@H](O)[C@@H](O)[C@H](Oc2ccc3c(O)c(NC(=O)c4ccc(O)c(CC=C(C)C)c4)c(=O)oc3c2C)OC1(C)C,UZHGFJZFJRMSOS-NANZAVOOSA-N,C30H35NO10,UZHGFJZFJRMSOS,True,False,True,False,True,False,True,False,False
R59824918,"Benzamide, N-[7-[[3-O-(aminocarbonyl)-6-deoxy-5-C-methyl-4-O-methyl-α-L-lyxohexopyranosyl]oxy]-4-hydroxy-8-methyl-2-oxo-2H-1-benzopyran-3-yl]-4-hydroxy-3-(3-methyl-2-butenyl)-",303-81-1,CO[C@@H]1[C@@H](OC(N)=O)[C@@H](O)[C@H](OC2=CC=C3C(O)=C(NC(=O)C4=CC(CC=C(C)C)=C(O)C=C4)C(=O)OC3=C2C)OC1(C)C,1.33,CO[C@@H]1[C@@H](OC(N)=O)[C@@H](O)[C@H](Oc2ccc3c(O)c(NC(=O)c4ccc(O)c(CC=C(C)C)c4)c(=O)oc3c2C)OC1(C)C,YJQPYGGHQPGBLI-KGSXXDOSSA-N,C31H36N2O11,YJQPYGGHQPGBLI,True,False,True,False,True,False,True,False,False
R59824938,"1H-Pyrrole-2-carboxylic acid, 5-methyl-, 3'-ester with N-[8-chloro-7-[(6-deoxy-5-C-methyl-4-O-methyl-α-L-lyxohexopyranosyl)oxy]-4-hydroxy-2-oxo-2H-1-benzopyran-3-yl-4-hydroxy-3-(3-methyl-2-butenyl)benzamide",39868-96-7,CO[C@H]1[C@H](OC(=O)C2=CC=C(C)N2)[C@H](O)[C@H](OC2=C(Cl)C3=C(C=C2)C(O)=C(NC(=O)C2=CC(CC=C(C)C)=C(O)C=C2)C(=O)O3)OC1(C)C,3.2,CO[C@H]1[C@H](OC(=O)c2ccc(C)[nH]2)[C@H](O)[C@H](Oc2ccc3c(O)c(NC(=O)c4ccc(O)c(CC=C(C)C)c4)c(=O)oc3c2Cl)OC1(C)C,FJAQNRBDVKIIKK-AKMMMNCQSA-N,C35H37ClN2O11,FJAQNRBDVKIIKK,True,False,True,False,True,False,True,False,False
R59824939,"1H-Pyrrole-2-carboxylic acid, 5-methyl-, 3'-ester with N-[7-[(6-deoxy-5-C-methyl-4-O-methyl-α-L-lyxohexopyranosyl)oxy]-4-hydroxy-2-oxo-2H-1-benzopyran-3-yl]-4-hydroxy-3-(3-methyl-2-butenyl)benzamide",75057-96-4,COC1C(OC(=O)C2=CC=C(C)N2)C(O)C(OC2=CC=C3C(O)=C(NC(=O)C4=CC=C(O)C(CC=C(C)C)=C4)C(=O)OC3=C2)OC1(C)C,1.86,COC1C(OC(=O)c2ccc(C)[nH]2)C(O)C(Oc2ccc3c(O)c(NC(=O)c4ccc(O)c(CC=C(C)C)c4)c(=O)oc3c2)OC1(C)C,GMMYCBAAMDJSHV-UHFFFAOYSA-N,C35H38N2O11,GMMYCBAAMDJSHV,True,False,True,False,True,False,True,False,False
R59824940,"1H-Pyrrole-2-carboxylic acid, 5-methyl-, 3'-ester with N-[8-chloro-7-[(6-deoxy-5-C-methyl-4-O-methyl-α-L-lyxohexopyranosyl)oxy]-4-hydroxy-2-oxo-2H-1-benzopyran-3-yl-4-hydroxy-3-(3-methylbutyl)benzamide",75061-28-8,CO[C@H]1[C@@H](OC(=O)C2=CC=C(C)N2)[C@@H](O)[C@H](OC2=C(Cl)C3=C(C=C2)C(O)=C(NC(=O)C2=CC(CCC(C)C)=C(O)C=C2)C(=O)O3)OC1(C)C,3.73,CO[C@H]1[C@@H](OC(=O)c2ccc(C)[nH]2)[C@@H](O)[C@H](Oc2ccc3c(O)c(NC(=O)c4ccc(O)c(CCC(C)C)c4)c(=O)oc3c2Cl)OC1(C)C,OQFNFMBPTIKDAN-FWKPNULXSA-N,C35H39ClN2O11,OQFNFMBPTIKDAN,True,False,True,False,True,False,True,False,False
R59824953,"Benzoic acid, ester with N-[7-[(6-deoxy-5-C-methyl-4-O-methyl-α-L-lyxohexopyranosyl)oxy]-4-hydroxy-8-methyl-2-oxo-2H-1-benzopyran-3-yl]-4-hydroxy-3-(3-methyl-2-butenyl)benzamide",75057-93-1,COC1C(OC(=O)C2=CC=CC=C2)C(O)C(OC2=C(C)C3=C(C=C2)C(O)=C(NC(=O)C2=CC=C(O)C(CC=C(C)C)=C2)C(=O)O3)OC1(C)C,2.67,COC1C(OC(=O)c2ccccc2)C(O)C(Oc2ccc3c(O)c(NC(=O)c4ccc(O)c(CC=C(C)C)c4)c(=O)oc3c2C)OC1(C)C,ZULADMPITBFXSX-UHFFFAOYSA-N,C37H39NO11,ZULADMPITBFXSX,True,False,True,False,True,False,True,False,False
R38354410,Punicalagin,65995-63-3,OC1COC(=O)C2=CC(O)=C(O)C(O)=C2C2=C(O)C(O)=C3OC(=O)C4=C5C(OC(=O)C2=C35)=C(O)C(O)=C4C2=C(O)C(O)=C(O)C=C2C(=O)OC1C1OC(=O)C2=CC(O)=C(O)C(O)=C2C2=C(O)C(O)=C(O)C=C2C(=O)OC1C=O,-2.7,O=CC1OC(=O)c2cc(O)c(O)c(O)c2-c2c(cc(O)c(O)c2O)C(=O)OC1C1OC(=O)c2cc(O)c(O)c(O)c2-c2c(O)c(O)c3oc(=O)c4c(c(O)c(O)c5oc(=O)c2c3c54)-c2c(cc(O)c(O)c2O)C(=O)OCC1O,SKNLUADAGHCXKF-UHFFFAOYSA-N,C48H28O30,SKNLUADAGHCXKF,True,False,True,False,True,False,True,False,False
R38354413,Terflavin,103744-85-0,OC1O[C@H](COC(=O)C2=CC(O)=C(O)C(O)=C2)[C@@H](OC(=O)C2=CC(O)=C(O)C(O)=C2C2=C(O)C(O)=C3OC(=O)C4=CC(O)=C(O)C5=C4C3=C2C(=O)O5)[C@@H]2OC(=O)C3=CC(O)=C(O)C(O)=C3C3=C(O)C(O)=C(O)C=C3C(=O)O[C@@H]12,-2.15,O=C(OC[C@H]1OC(O)[C@@H]2OC(=O)c3cc(O)c(O)c(O)c3-c3c(cc(O)c(O)c3O)C(=O)O[C@H]2[C@@H]1OC(=O)c1cc(O)c(O)c(O)c1-c1c(O)c(O)c2oc(=O)c3cc(O)c(O)c4oc(=O)c1c2c43)c1cc(O)c(O)c(O)c1,GUFQOTZNNCMJKO-XYVIXAOVSA-N,C48H30O30,GUFQOTZNNCMJKO,True,False,True,False,True,False,True,False,False
